"BOKU_1","BOKU_2","BOKU_3","BOKU_4","SKG-I_1","SKG-I_2","SKG-I_3","SKG-I_4"
"973.27340","904.78920","1062.54000","871.73720","615.44750","563.67160","480.23250","512.46280"
"36.70472","32.70916","37.78925","39.49875","21.84087","22.65625","1.52514","16.41116"
"77.68652","132.12310","102.07290","117.43260","3351.71000","3202.06000","4475.44000","4565.81000"
"215.83120","207.74860","182.73230","219.63560","378.92880","365.69070","281.68560","179.56440"
"3169.94000","3207.83000","2033.46000","2506.32000","4321.56000","4719.31000","3435.83000","3334.17000"
"3.06697","2.21701","1.00000","29.51399","4.76174","2.06717","16.24239","2.73119"
"352.10000","311.12100","285.61900","308.74300","46.76025","42.11825","73.47883","76.02997"
"22.33847","4.43034","13.26181","10.17765","25.86482","2.12512","3.40906","3.73033"
"28.16086","35.52219","63.78014","69.70068","66.18353","61.63875","23.74023","37.25875"
"170.29730","214.68820","322.10400","332.70420","460.83300","372.55090","593.67490","530.44650"
"64.76567","9.76474","9.74139","38.41908","7.88540","3.12121","72.33429","29.78466"
"4.84672","28.22115","18.21175","16.90410","70.28613","78.01136","46.39062","69.44948"
"2.42227","7.52361","32.48998","7.28158","17.70618","24.66541","9.95808","3.84556"
"34.19549","50.46409","42.29375","31.27852","37.60979","47.21173","77.83782","67.40717"
"188.24390","193.59480","203.76140","185.15830","336.89180","288.99530","265.32130","275.18650"
"44.12465","4.50650","3.41766","19.55136","12.28757","22.46068","34.62569","15.68924"
"7.72629","7.84387","1.29884","3.59115","5.72774","1.00000","2.51524","1.00000"
"1.71877","21.04791","17.40709","30.07514","2.23911","3.44380","6.51597","10.57867"
"1.00000","18.86071","1.04216","1.00000","5.24116","1.08560","22.89331","2.61892"
"2.06096","37.70517","54.97763","24.08518","3.60998","1.87303","30.64639","14.39414"
"100.51410","117.48370","74.67858","117.19660","411.34880","277.60900","196.64230","234.95460"
"9.63209","4.29820","1.62717","2.66058","1.80008","4.14322","2.33290","4.17779"
"245.02020","244.06390","274.66780","282.17860","339.21860","319.67250","434.36230","401.54760"
"55.99570","39.82953","4.95555","47.02325","80.93443","84.32276","96.19064","88.22849"
"12.23504","10.79758","12.72255","8.22387","9.94480","11.32995","7.93031","43.28560"
"9.32279","6.01092","3.44445","20.95626","10.36574","40.16843","41.59855","42.38460"
"714.17590","672.99730","682.68900","674.13120","736.34170","691.75740","460.83630","547.79160"
"106.33050","73.18123","106.20230","130.98200","51.58246","37.97117","59.36667","60.58448"
"50.37256","624.07760","339.37890","53.83561","51.12418","29.85012","44.49653","96.28616"
"25.94388","54.42144","26.46608","36.97660","47.45404","42.00499","56.04121","54.97169"
"155.82880","169.16150","182.20590","244.60600","121.18740","97.30312","180.06640","194.18880"
"345.86330","432.51190","277.17820","269.83320","913.31710","914.05790","656.46860","647.79660"
"1267.60000","1119.40000","1351.02000","1421.80000","1303.89000","1514.57000","1537.01000","1785.71000"
"4.20661","6.72511","4.03410","1.91966","2.72175","6.17385","5.34533","3.19081"
"32.41765","48.70827","94.89322","82.91787","35.22184","21.01405","22.62413","58.30323"
"94.66127","28.57189","37.04132","131.21300","101.49350","113.74120","141.18150","138.91370"
"189.41300","171.38380","291.09470","268.92400","244.44450","189.55170","188.53990","166.16870"
"683.44210","677.14650","842.88180","1034.52000","1007.10000","801.28770","1106.23000","819.70360"
"129.80570","103.55460","163.19310","106.99230","163.05510","176.32220","137.30530","199.77140"
"9.34037","27.77426","8.85089","39.01632","21.47968","25.40218","7.94053","2.32451"
"3.83710","31.50195","3.93636","3.70789","5.78513","13.73554","36.49750","11.26584"
"99.87674","64.75969","60.69567","54.39672","47.04427","11.91877","62.61825","95.81599"
"604.57820","437.66080","535.36480","422.59870","768.06450","536.23950","603.71550","435.19980"
"31.38586","40.84439","3.15278","43.20025","24.49897","4.66721","8.44163","3.76708"
"48.03535","4.70883","9.17893","92.41892","13.35239","42.09206","34.84444","50.42434"
"2205.73000","2338.67000","1540.48000","1679.98000","1218.99000","1253.21000","825.93810","852.26690"
"4.10838","2.44058","1.03730","2.74763","1.82429","2.86960","2.11425","3.73294"
"643.77550","557.57300","559.24740","482.90220","1229.72000","1253.32000","1323.87000","1474.67000"
"1483.88000","1496.30000","1645.79000","1598.12000","1323.17000","1326.87000","1249.69000","1262.82000"
"101.79930","69.49960","144.62890","103.58010","87.61214","83.29380","131.18890","89.28022"
"43.55225","47.00155","26.03973","35.07756","28.48832","9.48049","7.06708","8.73644"
"63.47177","70.46494","72.52540","75.13136","78.05357","94.28949","105.72230","140.86940"
"88.43540","111.02970","85.56090","96.10101","83.96353","54.64226","48.19756","75.78097"
"2.78074","10.18684","12.69109","7.57332","8.50103","20.42783","3.21532","4.26918"
"82.68886","99.30512","359.87200","350.92980","68.55205","105.08020","316.64670","227.30880"
"20.62139","8.75340","25.92666","29.49279","6.00950","20.06385","2.16412","1.81243"
"6.22400","22.47905","23.59845","2.11807","2.70525","16.77579","30.64579","4.19484"
"16.33031","5.60125","3.51353","35.97884","12.11048","4.77611","16.18421","3.33641"
"19.65879","25.02026","6.12227","18.89503","117.70250","106.73140","80.33077","96.37406"
"6.81200","32.09916","4.08909","34.79565","38.80394","41.05376","34.41595","33.33365"
"14.93831","3.21244","27.04716","5.50941","24.92994","5.60783","12.10745","19.49116"
"4.83129","2.06930","5.07226","2.30770","26.08648","4.69940","6.14980","2.67690"
"32.86944","40.56663","37.27657","27.90733","48.16288","10.23927","8.76757","26.34956"
"2.31497","1.00000","2.15410","4.97164","1.96759","4.55002","2.38648","1.13744"
"24.47266","1.93471","2.13691","12.83791","12.45746","8.49661","21.45080","2.14867"
"1592.51000","2013.96000","818.23170","1022.27000","3305.55000","3163.46000","1352.66000","1446.26000"
"4.75471","7.43759","3.65472","5.20817","74.91350","44.44759","87.52862","33.45923"
"45.37618","7.88018","12.79409","6.71334","6.16209","52.87769","4.97219","5.36525"
"4.84805","12.42478","5.32631","4.00981","4.51867","11.50881","54.35377","13.94558"
"94.39719","72.47025","171.51080","190.44100","376.20340","291.68630","465.87920","425.46430"
"401.86280","269.53560","405.02360","366.29610","430.38720","461.83500","547.80510","561.47700"
"8.30903","48.43033","94.32664","67.42970","15.04251","24.47769","63.31054","26.69855"
"1601.00000","1657.72000","2060.62000","1933.42000","841.90450","881.06120","1884.96000","1987.68000"
"5.84090","4.44579","25.56787","5.92925","711.75340","784.78050","392.07850","344.02810"
"65.48594","61.26429","29.51487","30.77039","94.69940","145.54900","61.40132","88.04555"
"72.44976","87.48840","41.37007","62.15529","98.24431","132.38670","49.23409","51.47363"
"36.48003","13.91417","29.05309","36.36549","23.30611","43.77536","11.12494","5.49422"
"2544.18000","2587.83000","3207.26000","3246.48000","1900.34000","1590.79000","2362.19000","2497.20000"
"1004.04000","1189.64000","991.14620","1172.49000","1167.98000","1188.31000","1011.54000","995.91630"
"52.07177","59.60289","118.32260","86.38371","510.78260","572.96540","321.40000","378.81500"
"85.95259","134.88410","8.51735","11.78228","53.54219","15.94462","6.52646","5.43718"
"59.25021","57.81467","53.39807","55.54322","47.41084","31.25625","85.49970","78.11482"
"11.82396","28.29799","19.99486","9.71228","14.15077","20.23881","25.23275","17.38000"
"1.48577","20.67826","1.00000","1.76496","22.40480","9.11735","5.25533","1.72602"
"16.52751","2.03623","23.26683","12.56726","1.88328","11.78022","15.04310","19.66668"
"6.63987","2.96580","4.73904","3.84894","8.19527","6.68303","19.61360","15.84253"
"13.63903","6.64391","3.06261","3.41868","6.77638","42.18640","3.91601","5.36878"
"224.15200","383.45190","178.36080","289.99840","234.23140","200.33560","138.06680","99.96306"
"182.04570","172.51810","188.75380","251.70400","99.63610","150.07160","97.14468","115.29720"
"87.64365","80.51863","112.62780","132.26080","210.07380","126.26130","148.23940","76.11593"
"6.17942","6.36770","3.67285","31.00508","12.95521","3.65257","10.62341","6.58332"
"71.52338","35.63007","69.55007","54.24641","48.28434","32.04751","51.62638","66.65601"
"230.43670","249.90130","281.61140","293.53950","290.61790","339.89310","212.92050","216.88080"
"5.71225","1.83981","8.04958","4.84515","14.08375","10.92431","4.16316","2.17331"
"10.33271","7.50056","26.88842","48.24796","39.17256","17.30072","7.61914","4.91715"
"8.94154","21.95736","26.65650","1.50205","4.90178","28.20814","12.14314","40.37082"
"21315.00000","21506.40000","24900.29000","35191.94000","8623.99000","11585.55000","22156.33000","20978.34000"
"3634.79000","3823.55000","3491.39000","3475.22000","4030.22000","3954.44000","3087.85000","3252.92000"
"24.15087","28.84738","34.09352","23.39963","124.13930","104.51420","74.13749","52.46252"
"149.22110","74.93940","146.55180","109.07070","155.66330","92.78043","168.37630","191.10850"
"473.59240","368.00500","434.56850","280.80270","244.89840","160.86060","227.79820","166.19260"
"107.73740","116.96880","45.51334","59.23911","7.04238","4.07508","4.74855","4.78210"
"113.70520","75.78619","75.43695","99.08749","80.41374","79.86794","110.23170","111.25360"
"1255.86000","1332.83000","1917.15000","1903.94000","1939.93000","2114.59000","3080.34000","2766.02000"
"2.59344","2.30133","1.00000","1.86477","2.32064","21.61153","6.67672","14.28001"
"34.46191","6.09372","51.37715","45.80813","99.45185","114.94020","44.16353","61.77380"
"1.00000","2.41885","26.75372","14.58371","5.42019","2.75207","7.71357","10.11184"
"127.80990","100.46790","142.77970","150.66830","185.83130","108.44170","44.62513","84.71265"
"19.77070","18.11788","7.20998","10.34303","13.32381","30.24594","17.17130","22.04047"
"25.90080","36.57400","1.78204","16.45734","15.97734","11.13759","23.93755","3.97232"
"272.08510","150.74780","210.07690","153.58980","94.56172","45.51504","59.42960","19.87266"
"4.48107","1.39920","2.26420","2.64872","2.01689","2.54641","10.10401","21.69595"
"15.90384","60.16633","42.34960","13.94549","80.60442","33.64771","49.24441","47.93216"
"47.31110","34.33414","53.30530","6.73753","32.35727","37.54330","28.13330","50.15625"
"7.05952","27.26292","14.73919","13.25776","31.71064","7.08509","5.95037","7.81708"
"20.39261","25.39852","27.82121","11.45635","18.69137","22.03485","6.21903","9.97748"
"28.65074","63.91283","56.92329","55.39859","48.42446","61.70251","102.81030","96.40267"
"2368.32000","2694.29000","2254.90000","2413.47000","169.61380","130.19320","88.08843","75.61151"
"52.39660","50.18802","57.95688","51.77778","74.87309","71.67232","65.32306","45.09781"
"18.44607","22.55905","40.60670","49.33397","4.49959","31.99956","25.08269","35.09489"
"191.73790","170.89430","182.03190","209.16160","327.59000","239.86910","296.06200","326.12970"
"1018.36000","926.11110","902.70220","1100.42000","1307.44000","1113.25000","832.26320","829.59090"
"15.01683","38.15697","41.72796","5.08591","8.39526","55.23393","48.79120","14.12639"
"121.28650","145.64110","59.83454","47.95578","36.69783","19.46107","35.04015","42.07524"
"3353.99000","3388.47000","2707.77000","2765.95000","2312.96000","2126.43000","2225.09000","2039.42000"
"3.94539","4.21888","2.98422","2.13035","1.60999","2.29989","2.50615","3.07056"
"5.35157","20.08457","17.96759","31.69050","27.52987","2.42605","2.26230","20.07992"
"2297.99000","2214.91000","1914.96000","1856.59000","2208.98000","1908.99000","1991.17000","1830.16000"
"1.71390","14.27826","18.69912","3.08699","22.29415","2.26712","6.02241","3.06131"
"31.06526","17.11470","4.66529","3.56922","4.42489","8.10212","8.82036","1.00000"
"302.37130","260.11730","458.97980","400.75360","155.31280","194.00500","226.86880","299.26150"
"85.61389","117.80880","117.70780","45.51231","129.94730","48.74567","69.10609","107.64610"
"796.00130","1106.32000","836.23700","817.40510","1108.69000","1141.14000","658.46220","739.13420"
"30.56324","29.62702","27.55592","44.51397","24.08178","14.15536","20.71751","30.96964"
"21.04334","1.63421","18.35213","8.14391","1.00000","9.84273","2.36515","8.82507"
"4.83502","5.12323","2.67781","11.10159","5.05774","3.44010","4.00489","4.24753"
"28.73819","34.97647","39.83244","62.24894","49.07874","53.72235","34.96593","16.14412"
"149.68230","176.16220","154.85650","111.49300","227.76120","229.57140","169.26440","132.23550"
"11.37387","4.37866","1.31523","2.51819","10.96572","1.95502","1.40693","1.00000"
"449.15380","498.00280","1064.15000","1077.40000","118.13690","139.95810","310.78150","317.76760"
"55.36980","105.29160","107.14070","77.89233","50.60063","28.18904","49.76963","39.44098"
"4.38715","18.33038","1.00000","1.08117","9.42235","1.57591","1.00000","1.00000"
"2.53068","5.86181","2.47150","1.42612","2.93746","5.55810","2.74257","1.50667"
"46.90899","15.76436","7.24845","26.27203","10.55883","10.25437","35.97388","14.95222"
"7.07283","17.65530","40.22932","7.28972","2.17860","44.08490","4.05021","4.65803"
"30.04479","18.54235","18.38896","15.08079","30.65434","23.91265","23.02463","40.94090"
"102.00140","46.35098","111.87050","131.98130","10.54376","29.58106","83.24005","63.32912"
"5.80774","15.65605","182.91200","160.77520","48.43947","88.75689","484.56900","541.16310"
"61.36324","97.50207","216.34860","182.04130","152.39000","136.14120","152.58650","141.79990"
"43.37893","72.16433","49.77412","64.05518","35.90417","49.20336","9.68960","56.61007"
"900.79480","799.90640","650.21020","649.34670","954.98210","947.35560","749.01350","697.16210"
"278.91440","311.66750","370.35760","336.16330","801.90630","823.18570","622.12100","620.77280"
"12.72726","3.43335","31.73968","17.14960","1.72194","5.99531","24.81171","7.26847"
"98.18135","126.23570","89.12569","75.60114","326.28470","282.27450","480.60390","546.94170"
"36.52174","35.92460","42.19103","86.45921","134.60920","67.05747","322.15750","310.11620"
"181.58210","191.14610","557.11550","559.56060","249.25860","218.87560","431.79500","419.71150"
"271.14340","268.47070","241.24570","172.84540","622.93490","636.29680","654.31500","573.68230"
"1264.33000","1267.58000","1962.49000","1662.21000","1466.26000","1579.29000","2003.01000","1991.88000"
"8.80216","10.38554","1.45249","1.03335","1367.54000","1104.70000","7383.01000","7000.96000"
"107.57970","82.64737","191.12340","149.12060","167.55030","146.02630","254.82950","174.11350"
"2.76982","12.57364","1.00000","10.70083","1.00000","1.00000","1.27431","1.00000"
"5153.24000","5295.30000","3872.39000","4039.06000","6217.44000","6417.94000","4105.12000","4300.11000"
"1533.70000","1433.21000","1523.00000","1602.99000","865.03760","946.31730","1199.67000","1106.62000"
"70.48675","114.35370","76.52837","121.61420","34.62421","24.26899","30.84818","23.45535"
"4359.84000","3685.80000","5028.32000","4147.93000","4905.04000","4209.74000","4807.52000","4629.06000"
"1.00000","1.49923","3.31846","13.23302","1.08876","6.55967","1.98255","10.12329"
"112.93650","86.90330","77.31179","82.88466","77.42919","109.84800","86.63480","64.97083"
"3.87902","2.90990","4.98998","20.41487","1.58309","5.16376","1.78428","25.45359"
"13.27059","7.78325","1.80227","1.73154","4.40473","15.45361","5.10877","2.25956"
"108.61580","135.41210","79.24069","105.48180","90.21439","64.47824","118.18340","129.21760"
"17.78962","29.12528","35.63964","30.72153","6.81682","26.01836","7.20094","12.95459"
"53.62028","89.74757","135.41570","175.67730","98.69872","49.48314","228.02590","233.15190"
"21.56580","22.20059","21.65962","4.80156","29.61656","80.05129","60.87903","84.13438"
"359.55470","343.58550","319.10920","252.31420","475.52360","519.22710","476.10580","550.62780"
"73.57241","75.06397","155.41550","207.64510","75.32463","113.76670","129.52930","164.08540"
"15.15314","5.21240","35.64846","2.55588","1.84758","6.05232","1.30029","14.45490"
"190.28270","320.72200","502.79580","528.34340","601.96480","440.15500","715.65660","818.38590"
"3.77200","4.69226","9.08428","1.90770","3.63439","7.14077","3.67749","3.97000"
"64.86460","86.86143","67.80706","48.62944","101.33840","77.05784","107.51300","122.96050"
"6.21502","6.03790","6.47252","33.42923","88.89857","81.16512","48.85428","40.03467"
"219.14760","156.83330","280.50950","167.26440","129.84970","96.48881","140.96390","113.70620"
"1396.99000","1347.11000","1235.09000","1159.57000","1828.53000","1669.23000","2018.94000","1975.28000"
"31.07657","60.74857","51.48340","10.69104","49.20229","9.96936","6.84813","58.41486"
"2.49727","11.25531","5.54254","13.99681","410.60540","410.70820","305.40780","263.58460"
"34.29828","8.07317","7.51758","6.73820","54.00188","37.34439","69.86346","78.30376"
"2.28244","7.32783","2.06540","3.09026","2.87054","4.58733","2.52354","3.07858"
"715.84250","943.00750","649.10480","653.30190","488.90320","385.94760","310.37640","280.27090"
"22.12851","8.04700","26.99249","44.42542","70.72487","88.18758","391.18950","375.63720"
"5.84811","2.67913","5.57925","1.91732","985.19980","837.22910","775.69210","713.85820"
"1456.84000","1509.08000","1228.16000","1160.85000","1346.61000","1645.57000","1826.47000","1581.45000"
"90.91598","126.03770","70.68243","43.30132","29.53560","64.99909","69.89686","74.57545"
"12.84585","61.61587","55.52410","48.19348","7.88976","31.34557","59.29545","34.32382"
"53.03526","79.07695","62.25843","61.37153","69.27696","58.00847","60.19775","64.76652"
"655.07370","661.62600","457.00150","369.30150","383.52850","298.58180","188.34360","197.31430"
"53.37195","45.68328","55.29788","79.35617","130.77060","67.50333","134.66990","103.39310"
"31074.40000","37931.71000","26032.20000","34345.05000","27318.26000","27794.70000","27770.94000","24941.94000"
"610.79320","605.96980","975.60710","900.53820","623.96770","595.18870","751.61300","774.99700"
"25.23163","52.40163","24.97809","31.52036","23.29257","32.54039","2.23195","14.93368"
"777.03560","828.18460","1060.16000","1227.64000","204.33530","258.75930","324.08790","283.54430"
"178.01050","190.25010","685.96000","625.75270","579.66930","593.33930","779.37780","851.23210"
"3602.71000","3842.90000","2785.61000","2851.28000","3497.55000","3536.04000","2991.86000","3103.33000"
"26.82172","13.75645","3.96447","2.87376","2.33335","7.53557","10.57515","2.06551"
"32.76337","49.52073","48.87118","71.81139","72.89375","34.83957","82.44176","54.09669"
"56.70485","70.23100","17.80104","61.09838","45.98826","31.20138","32.23662","28.08019"
"1077.67000","1109.01000","1011.71000","1065.29000","1763.44000","1908.90000","1955.13000","1989.71000"
"2436.37000","2979.58000","2694.78000","3028.03000","2556.49000","2623.21000","2404.42000","2408.54000"
"71.12759","123.83750","350.73960","293.26200","415.82730","326.77620","675.79820","698.53310"
"79.54969","56.64233","45.34445","40.90265","59.19378","71.95803","47.38185","56.99136"
"13.75964","3.95041","32.22412","14.87508","39.79271","26.86018","22.91939","28.88461"
"402.34580","404.78710","1003.70000","910.47680","2329.36000","2328.13000","2255.41000","2419.23000"
"405.47660","669.44540","546.93120","799.90720","300.69860","242.28660","252.55190","287.05510"
"30.86499","149.53080","110.34020","143.59420","14.89445","123.69710","129.55660","75.57316"
"10.09080","11.09092","7.38172","37.24251","28.24382","48.65040","20.27866","45.73297"
"13.55102","11.10112","6.45703","10.77115","6.07422","6.35270","3.22919","7.00077"
"31.80922","17.63007","94.93695","66.63834","40.31599","60.82740","58.07956","83.17872"
"71.49405","41.84417","67.88932","95.73808","26.55669","53.30155","60.61933","28.20770"
"788.71250","690.72240","842.43620","947.83380","481.83480","487.87350","460.90130","424.43230"
"201.29280","223.45660","225.21710","202.45590","37.45208","42.87634","190.79730","142.63690"
"36.85839","11.78065","38.03806","16.13503","8.10624","17.52862","23.57501","19.76124"
"140.43790","52.57273","240.78680","155.86970","111.94730","143.30010","66.17987","84.39880"
"9.10614","8.50362","8.66865","8.71630","7.39275","10.32309","11.60730","8.85860"
"578.30760","601.24400","837.23100","682.02000","363.29360","371.59590","277.90620","200.46290"
"3.23607","3.79266","4.78240","8.08947","3.44475","2.86751","4.34126","3.10144"
"288.87730","379.30050","529.74600","483.05060","545.90680","551.69290","1152.94000","1256.61000"
"5.60747","13.61203","9.18380","5.58545","28.58614","31.50735","13.16461","2.57163"
"29.96027","29.25809","213.65300","157.00290","375.07690","284.26270","3399.50000","3570.29000"
"909.99970","1010.72000","519.07730","536.65240","23.94602","35.75291","31.98692","20.15136"
"185.88650","210.24260","176.94040","140.13770","484.62610","604.88610","387.01900","312.48740"
"42.98993","16.14142","5.29371","56.08002","36.73246","29.85016","28.23389","33.59135"
"54.80949","14.85347","60.01194","59.37371","71.94297","37.62032","94.87153","102.74200"
"616.31200","644.75420","595.84160","615.53640","990.72560","1037.78000","595.11970","661.16500"
"36.09733","24.61293","40.44441","46.28297","64.62797","13.58457","42.15174","51.83069"
"7.92373","104.93000","17.22069","18.51204","11.40981","22.99200","11.84010","9.55509"
"132.84650","178.44430","106.80460","109.86720","133.45860","156.03580","76.35748","89.64626"
"436.92170","445.71550","334.20580","370.56940","479.59510","472.43650","430.68210","431.63300"
"32.66452","23.18728","30.31992","7.88390","40.40785","32.89679","20.64613","6.80712"
"3.77952","5.21162","1.75191","4.88359","48.26959","3.56914","20.79492","10.71068"
"32.79893","58.06688","42.15784","49.28451","38.48984","48.16738","66.31309","72.59787"
"11591.84000","12809.34000","11239.65000","12932.27000","14675.62000","16137.75000","14977.12000","15478.64000"
"13.01027","26.95899","4.73754","17.56051","7.65962","3.74546","26.61503","21.55288"
"41.76792","21.16148","145.79730","169.31700","30.08922","7.28372","61.22475","52.84556"
"221.98850","288.44010","358.93280","436.16140","641.93150","563.87810","495.94950","503.76400"
"329.93220","291.00200","263.30310","302.06140","367.20430","376.95360","226.24240","355.19290"
"903.70290","867.79100","619.82470","585.10480","679.67600","637.99070","611.34660","694.05550"
"82.04342","16.29101","28.24468","26.82018","10.64998","47.69475","81.44276","11.92560"
"365.22420","407.90700","216.37710","182.76240","448.92930","382.55400","197.91720","189.17950"
"17154.53000","18409.30000","17678.41000","18652.14000","18713.13000","20741.31000","19496.35000","18473.36000"
"685.22820","746.39060","1500.86000","1649.20000","762.15060","921.80050","668.64530","616.67820"
"6.44482","4.91226","7.16434","4.42062","4.78732","3.99152","4.16803","3.50171"
"441.37890","492.76160","688.20450","686.92870","696.35610","709.49510","824.10500","818.86850"
"1.04316","9.33739","19.10597","14.69394","8.23746","1.60150","31.76565","11.33830"
"406.67300","339.24300","381.97340","350.25890","2600.24000","2719.32000","1707.81000","1885.52000"
"405.09070","256.08940","624.53760","668.65140","2930.14000","2503.59000","3305.21000","2918.90000"
"164.81250","113.89230","184.98790","125.96850","163.04450","175.02700","159.71160","121.64270"
"70.38322","14.72640","56.16723","82.80243","85.42388","60.29145","78.80382","78.04546"
"743.41100","688.98710","1127.10000","918.49130","921.96520","818.46560","868.22290","919.89550"
"4.70174","2.84128","4.53501","3.46538","5.80047","4.00173","5.38013","4.04923"
"1742.49000","1671.49000","1808.71000","1943.49000","1429.74000","1398.71000","1027.48000","1209.77000"
"16.47459","8.42189","6.67783","6.23726","5.99894","3.86681","10.39794","6.36853"
"872.66440","888.13840","843.82450","837.50110","564.96880","503.97620","474.84000","540.95640"
"17.17244","21.80281","3.64152","1.55945","1065.31000","1112.88000","434.82730","479.78190"
"135.63030","197.86050","231.05930","244.21360","341.26250","324.06120","474.03840","412.77820"
"7804.55000","7804.76000","9228.05000","10909.06000","2867.14000","2560.54000","6547.81000","5687.46000"
"30.34504","2.55693","5.06936","48.88921","31.08963","2.67816","7.97064","2.29488"
"567.21980","475.45460","1143.99000","1127.45000","1555.33000","1657.35000","1225.09000","1377.06000"
"64.17886","62.11955","70.34494","71.85830","87.90202","22.49942","86.12148","62.35408"
"8.93365","6.79450","8.63234","23.00296","12.86106","12.20006","9.79950","4.45182"
"5.29708","9.47028","11.10654","5.69661","3.74628","11.41196","5.79554","11.85647"
"6.32355","4.29037","5.18837","18.13670","34.45179","6.94091","34.83991","6.21996"
"41.15170","48.15912","33.20847","37.74365","43.45099","23.97773","38.05108","34.60151"
"5.67260","39.38857","1.76006","9.44686","194.44320","121.56530","110.43360","108.06520"
"41.65571","4.05187","3.56332","27.83720","34.46858","2.25505","5.57470","1.62133"
"84.98156","109.98750","96.72489","126.42260","139.34490","132.12350","396.28310","251.54950"
"26.67148","34.96593","24.76148","3.69712","50.14214","41.93229","16.00521","39.25570"
"1.00000","1.02792","1.15491","7.07309","2.47225","3.91919","1.00000","2.08826"
"6.36365","4.50596","3.68262","5.28111","9.01525","30.72471","1.99128","5.50329"
"53.52541","68.19482","27.71552","83.11482","96.51540","34.59779","24.63171","55.87314"
"3.18133","2.98422","2.44759","6.33431","5.11326","2.62247","2.51317","1.10773"
"6.44412","21.78075","1.73483","16.68209","2.15304","4.92858","19.55829","11.05139"
"16.75521","34.13781","28.99523","39.78686","24.05622","33.93359","63.98481","35.68437"
"328.95000","377.83430","213.72480","122.30290","211.40210","334.43320","721.81870","570.19450"
"99.31397","141.12240","319.79350","353.23970","254.63560","254.41130","451.12660","430.39510"
"47.16365","12.97026","62.86453","48.24454","45.45886","10.10768","20.38051","6.46315"
"413.94060","374.67350","412.34710","401.86360","743.72690","618.37420","439.14230","489.27000"
"62.57111","103.31790","104.67510","87.95792","194.13020","194.88570","146.32890","131.67530"
"213.91870","187.57910","110.23780","121.68430","178.78010","199.00850","139.44900","155.83900"
"98.59209","57.81742","88.88670","74.63293","81.76434","107.97600","75.06654","99.32690"
"142.88270","180.99130","316.10640","350.53790","165.60340","169.38710","278.89760","297.76580"
"157.24970","174.64310","164.20410","215.95300","178.63030","142.70600","117.49900","122.13730"
"6.97421","35.45253","3.80335","6.39734","44.38973","21.73979","21.36570","2.09506"
"72.59263","52.96535","45.81306","50.84129","10.98213","44.47790","2.17914","37.48334"
"68.60723","71.88879","63.92293","45.54321","41.29661","68.02256","73.19429","71.15665"
"1671.10000","2520.86000","1900.43000","1692.42000","2185.25000","1734.17000","2072.88000","2339.32000"
"3.88685","15.35284","3.31023","4.17476","10.11709","24.58247","29.93109","5.06638"
"4789.74000","4834.14000","3718.41000","3754.15000","7417.38000","8231.88000","10430.97000","10685.86000"
"43.13983","2.10733","4.07020","1.12812","3.00307","17.04254","14.17252","4.62393"
"1697.60000","2118.34000","2731.86000","2574.24000","814.98790","854.16390","1734.20000","1762.14000"
"50.19315","61.04480","65.43868","47.63255","96.71923","88.19878","64.73761","44.46626"
"18.37253","16.74639","11.04773","12.92194","27.79795","17.39718","16.21632","10.13116"
"31.27671","4.23664","21.57092","55.66362","24.18231","68.54843","39.83438","40.49841"
"32.54839","36.75575","4.75320","11.78638","20.97278","20.91810","41.77021","19.50400"
"1873.48000","2015.00000","2175.76000","2239.09000","857.36210","952.98020","1116.65000","1088.16000"
"395.48680","489.07000","1114.68000","859.15420","96.67257","113.19520","257.86350","196.81150"
"83.46729","67.64169","111.21260","41.59866","63.76431","50.11671","44.29550","44.77579"
"18.24266","12.49597","9.15658","4.15511","15.95333","8.29717","30.51994","33.84892"
"14355.56000","14759.93000","11643.94000","13569.82000","7957.67000","8396.76000","7907.49000","8147.91000"
"56.06167","71.93182","66.81595","95.08166","27.18908","43.75161","47.75864","60.09421"
"56.99070","62.10789","54.55212","10.79935","47.19275","36.69040","27.99526","43.27648"
"67.16386","61.51508","97.33072","60.52859","100.88220","106.81380","67.30170","90.28120"
"2.20107","4.27942","2.87344","5.95340","6.24299","19.68959","20.20025","9.86064"
"3028.26000","3005.52000","5587.95000","5589.13000","3402.40000","3611.39000","2882.28000","3108.46000"
"2006.77000","2054.77000","1143.85000","1060.76000","2786.08000","2770.04000","1835.01000","1956.99000"
"10.82208","6.99770","7.30064","2.80536","3.92621","4.67933","3.20334","2.03298"
"19.39788","31.42231","27.19972","13.23234","18.95832","8.01810","15.78052","11.82649"
"343.39140","304.95070","254.57570","302.72480","404.78610","461.74560","346.24630","338.26230"
"602.80990","654.06370","698.04470","671.01190","636.94620","697.94620","481.56180","678.77090"
"55.10613","26.92764","75.30564","62.57654","48.51650","76.25992","82.45080","54.29097"
"5.03673","24.28465","14.21731","2.80504","16.41629","15.41026","7.02717","26.12899"
"31.94182","53.58225","49.84275","63.00670","25.60344","37.47461","14.29040","11.28644"
"48.35200","32.12645","40.61754","28.14506","1.35563","1.15843","1.70565","23.09276"
"4011.58000","3454.96000","3418.16000","3039.65000","4219.52000","4465.81000","3214.74000","2839.97000"
"16.30028","25.48018","9.81649","6.13431","1487.18000","1521.54000","452.09050","507.36800"
"862.60130","948.34990","704.95030","721.37260","669.04440","614.77360","542.94390","569.43020"
"567.03990","400.39820","792.48300","674.48640","684.54980","597.39130","1025.72000","1028.88000"
"152.17760","170.52910","166.28110","199.79820","247.02520","242.91990","239.01400","227.70760"
"3.31320","4.94828","34.70831","3.65362","9.87500","6.48521","1.98406","21.70340"
"1741.46000","1737.35000","2582.27000","2413.01000","2374.12000","2400.10000","2973.39000","3040.90000"
"189.63270","209.72120","115.13790","95.56461","147.45770","161.22050","108.36890","110.40900"
"4.57659","4.35185","3.73327","2.42974","1.81595","1.79096","2.23370","1.45839"
"5.42845","8.61398","2.34931","9.60422","4.59526","2.23834","5.19141","1.55566"
"18.67456","42.71178","15.98999","31.02233","16.27308","6.82349","34.01194","25.56080"
"23.88022","47.69814","8.50404","33.50968","3.49119","15.52208","5.51726","13.72077"
"811.25350","719.82800","716.61460","583.62420","18.86547","21.66562","15.40336","14.56978"
"127.00820","100.16350","126.03790","114.72140","113.59080","139.72810","50.65503","140.26540"
"208.54730","238.00910","270.30100","384.13570","251.06350","233.72510","271.08320","334.32680"
"46.20372","47.06289","52.55392","56.36338","9.00443","4.82107","27.28833","21.44561"
"5.20156","8.69796","1.89970","13.37352","4.11796","7.57020","1.00088","1.84382"
"23.15261","18.06623","1.75869","49.11109","11.71993","10.53142","9.91712","6.09503"
"1542.52000","1938.92000","1367.30000","1377.12000","1172.69000","1091.78000","1009.76000","971.96820"
"16.38440","11.14053","39.50359","24.48874","13.00453","19.04848","17.99835","21.88254"
"2.27250","8.08652","1.81476","3.14979","3.78295","1.57142","2.12642","1.43875"
"4.57767","16.79018","4.31164","7.51298","3.94135","1.03278","3.12158","2.84376"
"36.84128","9.24157","21.21726","28.36132","81.74561","67.86726","129.35760","143.23370"
"42.49493","40.78714","57.25320","51.55462","68.92674","54.88197","34.03397","62.84471"
"2375.67000","2021.23000","2398.92000","2027.80000","1030.70000","1070.37000","1093.55000","989.45400"
"5.75898","2.04197","14.74841","13.43597","43.33556","4.12677","16.06022","27.90812"
"703.01960","658.90560","940.57690","887.97250","1497.69000","1510.69000","1340.97000","1420.43000"
"1.44901","4.57800","13.80520","12.79223","24.85138","37.25579","36.79793","25.90803"
"359.97820","375.84380","335.53500","301.14470","353.45950","388.22940","323.65400","280.03530"
"18.36373","26.05254","22.33432","30.48800","26.25316","16.31731","7.40685","20.55716"
"10.57494","36.14547","47.40944","62.90054","163.87140","160.48740","121.62490","114.83950"
"374.19170","420.50290","842.23850","730.05030","281.58180","225.74610","396.42230","428.31200"
"1481.44000","1420.50000","1834.40000","1837.32000","29.54512","3.41042","15.57574","14.16901"
"5.49936","6.22636","4.86122","6.50124","7.71896","15.45766","14.48676","10.24544"
"116.75170","110.97990","75.97965","84.13829","134.15980","175.81260","115.52210","122.50450"
"538.87900","580.51220","339.04810","424.60130","475.60330","539.10240","289.03740","246.41400"
"2.93316","42.84572","41.63587","30.88584","16.23173","6.33425","42.76623","33.27398"
"332.28960","311.51090","564.87740","321.45050","349.87310","401.23240","542.39860","419.88980"
"21.77770","6.57695","25.02283","10.32041","16.27300","16.50013","40.33989","18.25820"
"15.03796","22.11515","14.19858","2.41317","14.43872","17.43254","18.02485","1.21076"
"4.35774","24.63625","33.60380","1.00000","4.64159","26.63128","15.69237","7.82831"
"17.16122","58.39159","4.34036","53.75547","71.79608","14.62872","77.13581","52.42949"
"11.58064","16.44439","10.26587","23.53167","4.05167","13.00893","17.27769","8.28871"
"552.78240","550.97500","501.82700","470.77550","311.48390","282.22550","326.66850","285.41210"
"14.50278","2.05785","11.33587","15.95018","9.60997","12.52226","10.97534","24.11234"
"126.05280","120.54790","99.40916","85.62186","134.25620","111.40920","92.40334","148.28290"
"14.09074","18.07136","2.54382","2.14925","12.57074","2.50266","30.38223","9.82780"
"36.30213","55.62161","8.11885","21.22332","27.75688","4.43845","30.88380","9.73404"
"3.73213","14.81034","1.00000","15.48400","12.92029","9.03667","2.81370","1.00000"
"7.66162","25.24160","2.72854","34.01239","10.30074","7.96104","3.74966","8.07823"
"32.48661","16.66744","3.83511","1.67432","19.43506","22.13188","9.50072","48.57013"
"29.26355","49.89729","11.15219","1.66966","58.55570","34.52364","157.56540","148.38320"
"3.05764","4.76551","7.08448","14.51292","6.52491","5.54867","8.92498","4.58618"
"51.19543","21.98884","47.09947","6.21048","44.34274","34.75266","41.32693","39.66135"
"40.63324","34.34037","63.88952","52.04632","61.88332","66.42506","146.52780","78.10070"
"230.38640","245.97300","236.33360","215.19150","240.20900","325.71260","449.13320","317.44980"
"15.72642","14.21162","19.16646","1.89940","3198.00000","3310.88000","22413.99000","20076.50000"
"469.92080","485.02540","700.72010","719.75700","365.40860","307.31700","519.31960","427.35960"
"193.82420","230.97080","276.95270","298.65330","50.50966","19.53442","147.25970","75.50648"
"27.68523","13.74395","87.57723","70.55627","78.75295","59.16301","82.84479","69.61605"
"9.44061","13.00309","44.86899","43.01267","42.21335","20.59811","56.20582","8.28516"
"58.75762","104.15540","190.98400","163.75770","177.74730","191.30990","439.30920","444.94760"
"256.68920","218.20050","290.67610","229.27430","772.42240","740.76760","1150.22000","1234.45000"
"362.83770","420.91370","313.78350","347.87400","527.73270","515.78500","415.83440","427.18530"
"46.54929","64.93005","106.95560","108.76000","173.74990","124.01420","105.58760","117.77320"
"2.96321","3.70155","4.40068","5.30682","3.89055","6.17277","4.18743","2.34889"
"3.94713","11.12898","8.41739","5.64306","56.79123","25.82838","40.04484","22.03770"
"4.47451","23.07201","6.95693","16.91287","5.78487","5.60697","37.73142","21.55829"
"120.89040","78.79466","176.76150","149.43340","131.88020","169.33970","196.37630","189.79750"
"37.02639","37.13832","85.30625","71.26406","36.63894","18.13098","36.28480","49.59028"
"3.09074","5.10234","4.15542","3.99977","3.32647","2.50966","2.61099","1.98708"
"1.93948","4.02536","4.61397","6.37692","3.53585","1.39180","2.20350","3.57351"
"21.55791","74.73825","16.66042","9.95497","9.03928","3.17348","8.22511","36.25922"
"57.68919","41.74245","28.35688","41.65872","22.61440","11.93293","154.21830","132.41880"
"152.67530","145.09650","184.96130","195.02340","503.65080","497.58980","740.92600","754.72360"
"10.13459","9.88110","10.01079","6.22136","6.88307","8.16733","8.16684","4.31692"
"4.51150","6.68361","2.28249","32.14060","19.03314","15.17162","19.39417","20.61219"
"367.36860","278.04680","312.96070","295.52580","454.90880","448.65460","423.63420","469.56650"
"133.09470","26.96016","22.68436","135.62550","108.68210","142.42580","62.92608","199.79430"
"17.84396","15.63046","8.36824","83.65608","14.81395","4.60646","46.02293","15.06826"
"36.04791","53.35312","38.93645","89.03243","61.31443","68.87885","62.47667","71.38837"
"1873.93000","1871.58000","1526.86000","1765.48000","1767.31000","1764.91000","1336.74000","1179.02000"
"558.13030","601.99880","1047.72000","951.75850","909.85520","806.12560","734.61830","792.19820"
"964.15230","970.09340","1078.10000","1397.20000","416.64840","306.49440","379.42340","388.95150"
"4159.84000","4011.80000","5376.97000","3940.02000","3870.32000","3642.57000","3860.93000","3540.53000"
"427.08520","230.32430","620.63890","598.59020","725.37690","600.00770","746.24250","829.57340"
"87.00882","32.63522","46.29276","66.30236","19.07095","3.88984","28.59523","19.83158"
"280.88290","291.64990","294.52780","357.79140","395.41840","410.70600","302.99310","238.04010"
"6.27801","4.53309","3.02369","7.30837","4.00496","1.84713","1.63718","7.44724"
"5.58549","4.97471","2.83125","5.20047","10.55485","2.71312","12.04502","1.12180"
"18.57801","14.08312","2.74807","19.99368","27.81794","31.60498","74.53697","62.20324"
"143.90150","93.45230","115.16410","134.16150","289.67520","228.22450","200.70460","188.63580"
"182.36530","175.41180","150.41710","200.35480","187.60690","183.76790","164.06560","209.07470"
"207.05570","245.59740","186.55100","285.36960","360.72500","342.80140","115.74970","188.56150"
"531.12000","563.27640","775.93820","894.70420","328.11490","383.17490","669.32240","655.46830"
"17.61657","3.13710","4.40276","6.00404","3.96620","2.36858","5.62412","8.82275"
"51.66549","16.83148","13.86020","15.37507","26.73016","5.67591","54.05711","34.01353"
"18528.80000","18233.01000","20633.13000","27853.71000","19103.42000","19954.69000","24239.08000","23041.26000"
"1.87590","1.18222","4.41472","18.25799","3.52895","1.23996","3.24004","3.56821"
"1250.06000","1206.26000","646.12530","566.21480","848.61950","726.51060","958.74250","1005.99000"
"1970.17000","2038.07000","2517.14000","2608.81000","3136.01000","2713.50000","3849.92000","3910.74000"
"36.41914","7.69721","34.91769","3.01622","6.84528","1.94823","3.43902","1.78378"
"3.90110","4.78631","2.01694","4.76105","6.16556","4.22332","7.18659","4.55682"
"5.30156","37.71563","31.32986","54.08412","40.34681","20.17124","29.99128","39.37368"
"51.99074","35.48291","63.17776","20.66065","65.67673","37.14825","43.29297","30.99747"
"207.05410","225.03680","211.35810","252.52240","805.23100","822.25020","545.70200","500.26000"
"17667.36000","17972.52000","11022.41000","12242.60000","1858.13000","1754.54000","2229.70000","2397.67000"
"13680.87000","16545.68000","11788.68000","15542.10000","10722.84000","11420.38000","11330.90000","10428.50000"
"4278.45000","4687.54000","3442.53000","3705.40000","9222.67000","9135.43000","7757.02000","7406.27000"
"61.14143","78.25893","4.01575","66.72580","26.46100","45.23171","50.86271","36.18345"
"54.77259","29.30183","41.92511","54.04495","46.19055","22.90257","22.24654","25.10304"
"699.22160","663.15720","713.49400","693.22200","1464.36000","1302.73000","1199.71000","966.05460"
"23.49120","21.86700","25.66977","35.98019","44.53571","35.64612","15.88125","26.74148"
"101.45120","135.18580","164.16050","145.59600","80.37582","111.45080","131.24490","129.07720"
"208.38680","218.90980","292.02570","316.06090","268.37640","306.58210","271.86000","339.92900"
"42.43403","43.46676","26.57015","14.91557","14.59441","18.49253","21.78406","34.32593"
"436.75710","416.64060","564.46080","508.14550","633.86290","625.34830","994.79500","1217.18000"
"39.89662","67.26053","95.38779","88.46851","46.25618","40.43119","80.73634","46.86158"
"49.62091","20.94036","106.59980","159.42260","32.92900","63.08620","155.96950","117.57940"
"5.50319","14.24724","4.53995","25.43661","41.23378","6.19645","7.95376","2.37020"
"119.64230","178.65080","134.37050","191.27180","87.73790","69.49791","103.79490","148.30130"
"9.10694","41.34377","71.46352","77.03960","51.57543","25.67333","97.05911","76.83975"
"151.54640","136.55990","136.33920","115.02280","96.41708","122.81020","109.52800","170.48920"
"173.19990","139.53480","72.24252","67.22019","18.11094","13.45621","17.54155","8.22368"
"736.83750","604.98260","753.93830","1126.76000","873.09420","837.77710","1049.04000","838.80930"
"13.13494","5.85028","5.55168","18.73998","1.64862","5.23694","28.91044","14.13699"
"17.37231","68.71333","49.42244","51.59282","26.68555","41.46582","72.84610","68.05956"
"1271.28000","1437.78000","1485.54000","1768.05000","781.61950","722.16350","789.36870","844.17210"
"66.59304","47.30080","69.48863","43.73267","79.63494","115.67130","110.48330","111.71720"
"46.27556","74.76714","66.92082","58.92044","69.72806","77.33799","121.10910","84.76303"
"6052.98000","6202.84000","4406.64000","4645.15000","6349.79000","6780.21000","4775.53000","4664.97000"
"110.08740","160.64750","136.51950","167.94960","85.75389","76.49585","6.12475","55.70306"
"12.59299","66.11425","46.68235","27.42080","112.13920","70.04718","150.60530","145.07720"
"650.57580","610.67100","746.09100","822.58750","442.17050","375.38500","313.31000","298.08560"
"2.97542","19.31678","14.67620","33.63731","19.20289","43.35415","33.28522","41.37608"
"106.19250","94.78677","179.80870","174.13510","204.51820","258.98300","217.56510","235.18990"
"2514.81000","2557.82000","3929.81000","4197.60000","3261.80000","3308.95000","5270.33000","5290.79000"
"3.32135","40.11054","10.31835","4.10342","5.19143","11.17511","5.47034","25.91544"
"465.32360","507.77820","472.08660","397.67450","148.04720","145.54530","90.45924","64.69284"
"257.48590","242.74860","424.43190","475.94600","194.40410","164.15570","312.68050","302.84010"
"74.68607","88.66155","186.81040","261.82470","16.41835","13.32762","29.38229","50.39793"
"2702.20000","2807.60000","3315.44000","3139.39000","3882.67000","4009.37000","3869.39000","3595.48000"
"4.99195","2.97760","10.53456","80.63902","664.26310","491.92640","474.64560","415.95530"
"195.42790","203.97800","240.25320","284.98510","271.85330","240.22710","152.94860","188.54310"
"14.38516","5.66512","56.29442","11.70337","34.25421","50.05219","139.16290","102.20140"
"50.34509","47.81990","50.68692","40.47541","46.12085","27.09143","65.65360","59.50679"
"95.02712","112.68380","96.35230","111.38630","219.45860","237.71400","166.52040","130.81510"
"1548.38000","1319.72000","1123.50000","1066.66000","635.71500","655.33330","593.66120","483.15440"
"85.96762","63.28882","44.58881","83.21194","24.25399","8.91175","26.99489","35.34831"
"2.16140","11.74830","4.60955","28.47782","3.01197","4.53583","4.05648","13.77885"
"857.75780","811.45790","835.37510","868.41110","915.31760","916.79800","797.08810","706.33340"
"7.70498","33.77996","26.26771","51.31779","22.24923","36.57325","40.53512","36.47452"
"1261.28000","1188.28000","606.69920","714.63020","757.53660","939.74990","386.68610","322.98910"
"732.51810","652.01210","662.67850","676.56150","1258.07000","1355.72000","1079.55000","1038.01000"
"2.67211","5.71977","12.06659","3.79651","9.14922","6.20114","4.03438","2.77852"
"10.37904","31.77666","4.91766","1.00000","11.53325","19.67156","11.27389","1.22393"
"1136.26000","1245.98000","513.71500","619.71550","791.33610","1086.53000","558.58170","588.08750"
"1728.52000","1790.81000","1472.46000","1641.71000","2247.00000","2259.95000","1950.58000","1997.34000"
"324.97280","244.87110","351.08610","250.24730","52.95453","49.57476","144.97640","154.55590"
"34.01899","25.78970","13.39361","3.25839","15.22934","1.00000","15.11602","2.73850"
"3480.80000","3347.31000","3520.81000","3622.56000","2952.18000","2460.40000","2831.80000","2675.36000"
"2.59191","2.50934","74.73389","97.64768","130.38450","147.98440","258.94940","212.39500"
"23.02954","72.82588","20.85844","23.18361","39.01912","43.84250","28.02420","26.40910"
"4.90826","5.09630","4.50877","2.41677","2.59649","4.93081","2.30639","2.82119"
"82.05701","38.50163","74.42522","76.60986","39.14375","35.79023","40.91610","59.07313"
"77.75115","54.85037","101.44520","116.47820","117.55170","135.02220","253.46080","264.51480"
"988.02860","1039.84000","718.87680","597.59690","669.98940","767.35780","489.85270","455.03340"
"2.79556","9.79943","7.11621","9.17802","44.55883","20.57425","20.54827","5.66360"
"1.55218","10.01146","39.51780","2.91868","1.54694","14.50943","1.51559","15.75600"
"33.54723","8.65175","27.43347","67.24244","37.59072","37.95075","10.67054","5.89500"
"34.29047","121.41740","330.11010","244.93400","298.69130","256.97390","655.50040","826.34970"
"20.07108","10.30437","17.14039","12.56880","2.05053","2.28738","3.59382","1.43547"
"1743.85000","1833.44000","755.30600","812.74720","1366.07000","1249.07000","663.03390","808.72560"
"950.87190","854.32700","711.87850","672.76540","1343.30000","1342.26000","992.97980","770.63330"
"726.75540","936.80870","547.86400","726.59060","2089.07000","1831.00000","726.81640","757.87920"
"292.64090","292.90720","364.71160","435.03530","24.93617","35.60652","102.25040","107.87820"
"25345.08000","26869.06000","20197.50000","25413.63000","54.28506","34.38922","80.21880","64.71857"
"31.07080","38.55084","58.34526","68.16351","8.41188","9.22810","50.98813","33.65955"
"84.98148","90.00099","136.50900","105.59030","515.13640","515.92070","411.15220","381.15290"
"30.02277","16.40321","5.12364","67.60287","42.17809","36.84412","13.11877","25.81211"
